Name,Adress,Phone Number,Email Adress,Insertion time
asdad,adas,123.0,aaa,2023-01-25 14:04:15.814781
ada,adda,123.0,aad,2023-01-25 14:04:26.920826
bodyyou,bodyland,11.0,body@body.com,2023-01-25 17:30:53.653459
yellow,where,10.0,ahmed@gmail.com,2023-01-25 17:42:40.678276
Hello,no city,14.0,nona@no.com,2023-01-25 17:47:34.798575
hamada,hamada city,114.0,hamada@gmail.com,2023-01-25 17:49:14.970349
dad,dad,12.0,daad,2023-01-25 17:55:24.668982
dasads,add,148.0,dadw@gaga,2023-01-25 17:56:00.915528
ffsdf,dad,1616.0,adwwd,2023-01-25 17:57:12.679746
fsdf,fsdf,161.0,asfasf,2023-01-25 17:57:31.824227
sad,adwd,484.0,adasd,2023-01-25 17:58:29.152888
sss,ssss,15.0,sssss,2023-01-25 17:59:21.814169
Hello,,,,
dsa,dsad,155,dadas,2023-01-25 18:00:24.209518
